,X,Date,Standings,Organizer,Format,Players,Winner
1,,2021-12-04,/tournament/61a415d39265f87e5e68c5ef/standings,/organizer/68,Standard,82,/tournament/61a415d39265f87e5e68c5ef/player/augustoberinguer
8,,2021-12-03,/tournament/61aa718c9265f87e5e68ddbf/standings,/organizer/194,Standard,167,/tournament/61aa718c9265f87e5e68ddbf/player/vina
11,,2021-12-03,/tournament/peladao036/standings,/organizer/25,Standard,75,/tournament/peladao036/player/meirelles7
15,,2021-12-03,/tournament/61a181249265f87e5e68bc79/standings,/organizer/136,Standard,72,/tournament/61a181249265f87e5e68bc79/player/mrsodaking
21,,2021-12-02,/tournament/61a0a8d39265f87e5e68b8ca/standings,/organizer/151,Standard,68,/tournament/61a0a8d39265f87e5e68b8ca/player/warexpert
28,,2021-12-01,/tournament/61a46e369265f87e5e68c80b/standings,/organizer/30,Standard,107,/tournament/61a46e369265f87e5e68c80b/player/qwertyd
34,,2021-11-30,/tournament/619dafc31421047aa95eb508/standings,/organizer/145,Standard,72,/tournament/619dafc31421047aa95eb508/player/adamkalamat
35,,2021-11-30,/tournament/61a180729265f87e5e68bc56/standings,/organizer/136,Standard,68,/tournament/61a180729265f87e5e68bc56/player/mrmighty314
36,,2021-11-29,/tournament/6169ab37a36b860ab21e0e7a/standings,/organizer/194,Standard,307,/tournament/6169ab37a36b860ab21e0e7a/player/edgevnv
41,,2021-11-28,/tournament/619e89281421047aa95eb61f/standings,/organizer/196,Standard,135,/tournament/619e89281421047aa95eb61f/player/jamesg
45,,2021-11-28,/tournament/619aba091421047aa95ea8b5/standings,/organizer/4,Standard,183,/tournament/619aba091421047aa95ea8b5/player/gassy165
48,,2021-11-27,/tournament/619a6a231421047aa95ea674/standings,/organizer/68,Standard,68,/tournament/619a6a231421047aa95ea674/player/enterdeninja
54,,2021-11-27,/tournament/61854db0b067780ad4b3ee61/standings,/organizer/5,Standard,65,/tournament/61854db0b067780ad4b3ee61/player/syu
55,,2021-11-26,/tournament/peladao035/standings,/organizer/25,Standard,84,/tournament/peladao035/player/dangerousrogue
62,,2021-11-25,/tournament/carteado28/standings,/organizer/25,Standard,64,/tournament/carteado28/player/arneboy11
63,,2021-11-25,/tournament/619ccc521421047aa95eb23f/standings,/organizer/151,Standard,81,/tournament/619ccc521421047aa95eb23f/player/calcal206
67,,2021-11-24,/tournament/6199d0831421047aa95ea5ce/standings,/organizer/30,Standard,75,/tournament/6199d0831421047aa95ea5ce/player/alexthegreat081
68,,2021-11-24,/tournament/619d4cb01421047aa95eb36c/standings,/organizer/25,Standard,84,/tournament/619d4cb01421047aa95eb36c/player/calcal206
71,,2021-11-23,/tournament/619477a41421047aa95e917d/standings,/organizer/145,Standard,64,/tournament/619477a41421047aa95e917d/player/sanigo
72,,2021-11-23,/tournament/619449b91421047aa95e911b/standings,/organizer/136,Standard,68,/tournament/619449b91421047aa95e911b/player/boomerchin
73,,2021-11-22,/tournament/6169a51ea36b860ab21e0e70/standings,/organizer/194,Standard,276,/tournament/6169a51ea36b860ab21e0e70/player/golisopod014
77,,2021-11-22,/tournament/619a46861421047aa95ea61e/standings,/organizer/36,Standard,64,/tournament/619a46861421047aa95ea61e/player/calcal206
78,,2021-11-21,/tournament/619481d51421047aa95e9185/standings,/organizer/25,Standard,94,/tournament/619481d51421047aa95e9185/player/masterlebui
82,,2021-11-21,/tournament/619161571421047aa95e8536/standings,/organizer/4,Standard,137,/tournament/619161571421047aa95e8536/player/perrythep
90,,2021-11-20,/tournament/617fd15bb067780ad4b3df72/standings,/organizer/19,Standard,177,/tournament/617fd15bb067780ad4b3df72/player/joshuasutherland21
98,,2021-11-19,/tournament/61902a471421047aa95e808f/standings,/organizer/136,Standard,65,/tournament/61902a471421047aa95e808f/player/azulgg
105,,2021-11-18,/tournament/carteado27/standings,/organizer/25,Standard,79,/tournament/carteado27/player/azulgg
108,,2021-11-18,/tournament/61942e731421047aa95e9073/standings,/organizer/151,Standard,71,/tournament/61942e731421047aa95e9073/player/boomerchin
116,,2021-11-16,/tournament/618b3c8d1421047aa95e731e/standings,/organizer/145,Standard,64,/tournament/618b3c8d1421047aa95e731e/player/marck261
118,,2021-11-15,/tournament/6169a3b7a36b860ab21e0e6d/standings,/organizer/194,Standard,269,/tournament/6169a3b7a36b860ab21e0e6d/player/geissleralec
124,,2021-11-14,/tournament/6188cbee1421047aa95e69fb/standings,/organizer/25,Standard,88,/tournament/6188cbee1421047aa95e69fb/player/qwertyd
127,,2021-11-14,/tournament/618d17f91421047aa95e769c/standings,/organizer/4,Standard,131,/tournament/618d17f91421047aa95e769c/player/joldilocks
160,,2021-11-08,/tournament/6169a098a36b860ab21e0e68/standings,/organizer/194,Standard,225,/tournament/6169a098a36b860ab21e0e68/player/vartancaftel
167,,2021-11-07,/tournament/6182cd34b067780ad4b3e81f/standings,/organizer/25,Standard,71,/tournament/6182cd34b067780ad4b3e81f/player/kashmann27
182,,2021-11-05,/tournament/peladao032/standings,/organizer/25,Standard,84,/tournament/peladao032/player/dangerousrogue
195,,2021-11-04,/tournament/carteado25/standings,/organizer/25,Standard,71,/tournament/carteado25/player/arags
211,,2021-11-01,/tournament/61699e8ca36b860ab21e0e67/standings,/organizer/194,Standard,192,/tournament/61699e8ca36b860ab21e0e67/player/maualmeida88
218,,2021-10-31,/tournament/61795f4aa36b860ab21e4619/standings,/organizer/25,Standard,75,/tournament/61795f4aa36b860ab21e4619/player/stophile
222,,2021-10-31,/tournament/617dc85ab067780ad4b3dac9/standings,/organizer/4,Standard,96,/tournament/617dc85ab067780ad4b3dac9/player/marcusytan
244,,2021-10-28,/tournament/carteado24/standings,/organizer/25,Standard,80,/tournament/carteado24/player/nvshinies
245,,2021-10-28,/tournament/61352e2d1d8cea46cc20722f/standings,/organizer/151,Standard,64,/tournament/61352e2d1d8cea46cc20722f/player/maddie
258,,2021-10-26,/tournament/613eb0cf446a0701f046223e/standings,/organizer/226,Standard,136,/tournament/613eb0cf446a0701f046223e/player/marck261
262,,2021-10-25,/tournament/61699c73a36b860ab21e0e60/standings,/organizer/194,Standard,215,/tournament/61699c73a36b860ab21e0e60/player/solkten
268,,2021-10-24,/tournament/616d0e1ca36b860ab21e1d10/standings,/organizer/196,Standard,111,/tournament/616d0e1ca36b860ab21e1d10/player/wykeen1994
273,,2021-10-24,/tournament/616c92cea36b860ab21e1b80/standings,/organizer/4,Standard,108,/tournament/616c92cea36b860ab21e1b80/player/raio120
280,,2021-10-23,/tournament/616af6d1a36b860ab21e1340/standings,/organizer/241,Standard,75,/tournament/616af6d1a36b860ab21e1340/player/gustavohos
282,,2021-10-22,/tournament/peladao030/standings,/organizer/25,Standard,67,/tournament/peladao030/player/brandonsalazar
293,,2021-10-21,/tournament/carteado23/standings,/organizer/25,Standard,75,/tournament/carteado23/player/wykeen1994
294,,2021-10-21,/tournament/61352e221d8cea46cc20722e/standings,/organizer/151,Standard,72,/tournament/61352e221d8cea46cc20722e/player/stefanobassis
307,,2021-10-18,/tournament/6166fb16a36b860ab21e06ce/standings,/organizer/194,Standard,198,/tournament/6166fb16a36b860ab21e06ce/player/masterlebui
309,,2021-10-18,/tournament/6164b511a36b860ab21dfd8f/standings,/organizer/249,Standard,73,/tournament/6164b511a36b860ab21dfd8f/player/coronelzeta
313,,2021-10-17,/tournament/6163ba23a36b860ab21dfa93/standings,/organizer/25,Standard,83,/tournament/6163ba23a36b860ab21dfa93/player/thericardotoddy
317,,2021-10-17,/tournament/6165b292a36b860ab21e0336/standings,/organizer/4,Standard,118,/tournament/6165b292a36b860ab21e0336/player/ry4gaming
325,,2021-10-16,/tournament/6158834bef1db6273502bb51/standings,/organizer/19,Standard,188,/tournament/6158834bef1db6273502bb51/player/leandropringos
330,,2021-10-15,/tournament/peladao029/standings,/organizer/25,Standard,64,/tournament/peladao029/player/christianchasejr
339,,2021-10-14,/tournament/61352e161d8cea46cc20722d/standings,/organizer/151,Standard,97,/tournament/61352e161d8cea46cc20722d/player/yum0n
347,,2021-10-13,/tournament/6166044fa36b860ab21e0465/standings,/organizer/25,Standard,66,/tournament/6166044fa36b860ab21e0465/player/sestosento
353,,2021-10-11,/tournament/615d09fd325e6a67dfcfaa95/standings,/organizer/194,Standard,235,/tournament/615d09fd325e6a67dfcfaa95/player/raio120
357,,2021-10-11,/tournament/6162e8c2a36b860ab21df69b/standings,/organizer/36,Standard,64,/tournament/6162e8c2a36b860ab21df69b/player/formerlycb5k
360,,2021-10-10,/tournament/615a84d5ef1db6273502c4bd/standings,/organizer/25,Standard,78,/tournament/615a84d5ef1db6273502c4bd/player/maualmeida88
366,,2021-10-10,/tournament/61604307a36b860ab21decc1/standings,/organizer/4,Standard,126,/tournament/61604307a36b860ab21decc1/player/raio120
367,,2021-10-10,/tournament/61615a49a36b860ab21df063/standings,/organizer/117,Standard,111,/tournament/61615a49a36b860ab21df063/player/ptcguser002
374,,2021-10-09,/tournament/6156c207ef1db6273502b3bc/standings,/organizer/241,Standard,96,/tournament/6156c207ef1db6273502b3bc/player/javijofre7
385,,2021-10-07,/tournament/615d0aa1325e6a67dfcfaa96/standings,/organizer/27,Standard,105,/tournament/615d0aa1325e6a67dfcfaa96/player/kashmann27
388,,2021-10-07,/tournament/61352e091d8cea46cc20722c/standings,/organizer/151,Standard,64,/tournament/61352e091d8cea46cc20722c/player/serperior5010
392,,2021-10-06,/tournament/chill-50/standings,/organizer/13,Standard,320,/tournament/chill-50/player/goomy47
402,,2021-10-04,/tournament/6153519def1db6273502a2e4/standings,/organizer/194,Standard,217,/tournament/6153519def1db6273502a2e4/player/mozwen
408,,2021-10-03,/tournament/61513770ef1db62735029a70/standings,/organizer/25,Standard,80,/tournament/61513770ef1db62735029a70/player/warexpert
414,,2021-10-02,/tournament/6152220eef1db62735029c3f/standings,/organizer/231,Standard,91,/tournament/6152220eef1db62735029c3f/player/espel
417,,2021-10-02,/tournament/6153b77eef1db6273502a4fb/standings,/organizer/263,Standard,87,/tournament/6153b77eef1db6273502a4fb/player/thrae
423,,2021-10-01,/tournament/61509df1ef1db62735029641/standings,/organizer/144,Standard,200,/tournament/61509df1ef1db62735029641/player/edgevnv
434,,2021-09-30,/tournament/6154fd1def1db6273502aa2c/standings,/organizer/27,Standard,138,/tournament/6154fd1def1db6273502aa2c/player/kaiserscorch
437,,2021-09-30,/tournament/61352dfc1d8cea46cc20722b/standings,/organizer/151,Standard,95,/tournament/61352dfc1d8cea46cc20722b/player/vicgar08
442,,2021-09-29,/tournament/chill-49/standings,/organizer/13,Standard,322,/tournament/chill-49/player/rain
449,,2021-09-28,/tournament/614a9333ef1db62735027380/standings,/organizer/145,Standard,64,/tournament/614a9333ef1db62735027380/player/sunnygames25
452,,2021-09-27,/tournament/614f16e2ef1db62735028b1a/standings,/organizer/194,Standard,223,/tournament/614f16e2ef1db62735028b1a/player/7hemc
458,,2021-09-26,/tournament/614fd85def1db62735029291/standings,/organizer/87,Standard,89,/tournament/614fd85def1db62735029291/player/aoldale
464,,2021-09-26,/tournament/6147457de4bc350acecf2b9a/standings,/organizer/4,Standard,187,/tournament/6147457de4bc350acecf2b9a/player/thericardotoddy
465,,2021-09-26,/tournament/614d85ebef1db62735028466/standings,/organizer/117,Standard,87,/tournament/614d85ebef1db62735028466/player/hinatahtet
470,,2021-09-25,/tournament/613683841d8cea46cc2076f0/standings,/organizer/19,Standard,294,/tournament/613683841d8cea46cc2076f0/player/augustoberinguer
475,,2021-09-24,/tournament/6142b97ee4bc350acecf101d/standings,/organizer/43,Standard,137,/tournament/6142b97ee4bc350acecf101d/player/celiosnetwork
484,,2021-09-23,/tournament/6147a02ee4bc350acecf313e/standings,/organizer/27,Standard,182,/tournament/6147a02ee4bc350acecf313e/player/anselmsim
486,,2021-09-23,/tournament/61352dec1d8cea46cc20722a/standings,/organizer/151,Standard,78,/tournament/61352dec1d8cea46cc20722a/player/augustoberinguer
491,,2021-09-22,/tournament/chill-48/standings,/organizer/13,Standard,403,/tournament/chill-48/player/keigo080522
503,,2021-09-21,/tournament/613949b71d8cea46cc208b69/standings,/organizer/109,Standard,80,/tournament/613949b71d8cea46cc208b69/player/izmirarmani
504,,2021-09-20,/tournament/614388d5e4bc350acecf1449/standings,/organizer/194,Standard,306,/tournament/614388d5e4bc350acecf1449/player/bzolinr
507,,2021-09-20,/tournament/614716e9e4bc350acecf2aec/standings,/organizer/36,Standard,64,/tournament/614716e9e4bc350acecf2aec/player/raio120
509,,2021-09-19,/tournament/6142ea5ce4bc350acecf1109/standings,/organizer/196,Standard,107,/tournament/6142ea5ce4bc350acecf1109/player/rain
515,,2021-09-19,/tournament/613f8956446a0701f0462488/standings,/organizer/4,Standard,271,/tournament/613f8956446a0701f0462488/player/snowman
517,,2021-09-19,/tournament/61465c04e4bc350acecf264b/standings,/organizer/117,Standard,91,/tournament/61465c04e4bc350acecf264b/player/ikiazu
521,,2021-09-18,/tournament/6140e3b6ad0d0440e65dd084/standings,/organizer/129,Standard,98,/tournament/6140e3b6ad0d0440e65dd084/player/lucas226474
528,,2021-09-17,/tournament/6133d8821d8cea46cc206b7d/standings,/organizer/201,Standard,66,/tournament/6133d8821d8cea46cc206b7d/player/brandonsalazar
530,,2021-09-17,/tournament/613feee7446a0701f046286e/standings,/organizer/243,Standard,144,/tournament/613feee7446a0701f046286e/player/enterdeninja
535,,2021-09-17,/tournament/612e8b2c1d8cea46cc203adc/standings,/organizer/25,Standard,104,/tournament/612e8b2c1d8cea46cc203adc/player/leu
536,,2021-09-17,/tournament/6141ace7e4bc350acecf0382/standings,/organizer/116,Standard,79,/tournament/6141ace7e4bc350acecf0382/player/kengfailee
539,,2021-09-16,/tournament/61398b751d8cea46cc209032/standings,/organizer/27,Standard,248,/tournament/61398b751d8cea46cc209032/player/tdonmt1989
541,,2021-09-16,/tournament/61352de11d8cea46cc207229/standings,/organizer/151,Standard,114,/tournament/61352de11d8cea46cc207229/player/shinno0801
543,,2021-09-16,/tournament/6110990f3ec3ac1f06b21a9a/standings,/organizer/109,Standard,109,/tournament/6110990f3ec3ac1f06b21a9a/player/catron
544,,2021-09-15,/tournament/chill-47/standings,/organizer/13,Standard,541,/tournament/chill-47/player/amere
551,,2021-09-14,/tournament/613fa298446a0701f0462582/standings,/organizer/193,Standard,115,/tournament/613fa298446a0701f0462582/player/darkraifan22
556,,2021-09-14,/tournament/6139450c1d8cea46cc208a7f/standings,/organizer/109,Standard,105,/tournament/6139450c1d8cea46cc208a7f/player/ryoma
558,,2021-09-13,/tournament/613aeca209509c0ae18f5cee/standings,/organizer/194,Standard,336,/tournament/613aeca209509c0ae18f5cee/player/the0phen0
561,,2021-09-13,/tournament/613dfe89446a0701f0461abe/standings,/organizer/36,Standard,64,/tournament/613dfe89446a0701f0461abe/player/m16
565,,2021-09-12,/tournament/61396fbc1d8cea46cc208ecd/standings,/organizer/196,Standard,94,/tournament/61396fbc1d8cea46cc208ecd/player/cfs11
566,,2021-09-12,/tournament/6127feb13fb4137b578d232d/standings,/organizer/87,Standard,65,/tournament/6127feb13fb4137b578d232d/player/lifeparttwo
572,,2021-09-12,/tournament/613713151d8cea46cc207cef/standings,/organizer/4,Standard,232,/tournament/613713151d8cea46cc207cef/player/herppu
574,,2021-09-11,/tournament/613473041d8cea46cc206e2a/standings,/organizer/144,Standard,320,/tournament/613473041d8cea46cc206e2a/player/catron
576,,2021-09-11,/tournament/613961591d8cea46cc208dae/standings,/organizer/68,Standard,81,/tournament/613961591d8cea46cc208dae/player/cegcze13
578,,2021-09-11,/tournament/61060b44c95f81428b6df7bb/standings,/organizer/60,Standard,170,/tournament/61060b44c95f81428b6df7bb/player/procionekiller03
586,,2021-09-10,/tournament/6121971762efd977a7b947be/standings,/organizer/43,Standard,504,/tournament/6121971762efd977a7b947be/player/luby
592,,2021-09-10,/tournament/613839a61d8cea46cc208330/standings,/organizer/116,Standard,112,/tournament/613839a61d8cea46cc208330/player/as
593,,2021-09-09,/tournament/6138e23c1d8cea46cc208507/standings,/organizer/166,Standard,142,/tournament/6138e23c1d8cea46cc208507/player/kirikisencha
624,,2021-09-06,/tournament/6134c7cb1d8cea46cc206f3a/standings,/organizer/36,Standard,64,/tournament/6134c7cb1d8cea46cc206f3a/player/syouyujitate
634,,2021-09-05,/tournament/611e802762efd977a7b93611/standings,/organizer/206,Standard,185,/tournament/611e802762efd977a7b93611/player/ru
635,,2021-09-04,/tournament/612ee1111d8cea46cc203d10/standings,/organizer/144,Standard,67,/tournament/612ee1111d8cea46cc203d10/player/diamondking
639,,2021-09-04,/tournament/611539cc3ec3ac1f06b238d5/standings,/organizer/206,Standard,519,/tournament/611539cc3ec3ac1f06b238d5/player/remi
641,,2021-09-04,/tournament/6112be7e3ec3ac1f06b22478/standings,/organizer/206,Standard,613,/tournament/6112be7e3ec3ac1f06b22478/player/allezliverpool69
650,,2021-09-03,/tournament/612d98361d8cea46cc203751/standings,/organizer/55,Standard,67,/tournament/612d98361d8cea46cc203751/player/dtamusu
651,,2021-09-03,/tournament/612e2a1f1d8cea46cc203929/standings,/organizer/116,Standard,85,/tournament/612e2a1f1d8cea46cc203929/player/shuto
653,,2021-09-02,/tournament/6129c40d3fb4137b578d2b56/standings,/organizer/166,Standard,113,/tournament/6129c40d3fb4137b578d2b56/player/hayden
656,,2021-09-02,/tournament/61251ff63fb4137b578d1410/standings,/organizer/54,Standard,76,/tournament/61251ff63fb4137b578d1410/player/pegasus2000
660,,2021-09-02,/tournament/611098d53ec3ac1f06b21a98/standings,/organizer/109,Standard,77,/tournament/611098d53ec3ac1f06b21a98/player/henrybrand
662,,2021-09-01,/tournament/chill-45/standings,/organizer/13,Standard,457,/tournament/chill-45/player/teethanatt
673,,2021-08-30,/tournament/612690193fb4137b578d184a/standings,/organizer/194,Standard,235,/tournament/612690193fb4137b578d184a/player/harun
684,,2021-08-29,/tournament/61227fa762efd977a7b94da1/standings,/organizer/4,Standard,211,/tournament/61227fa762efd977a7b94da1/player/gatsby0627
687,,2021-08-29,/tournament/61232a7462efd977a7b95279/standings,/organizer/109,Standard,65,/tournament/61232a7462efd977a7b95279/player/audiocumio
697,,2021-08-28,/tournament/612636563fb4137b578d1766/standings,/organizer/55,Standard,136,/tournament/612636563fb4137b578d1766/player/koyo
706,,2021-08-27,/tournament/6128312e3fb4137b578d24d2/standings,/organizer/70,Standard,77,/tournament/6128312e3fb4137b578d24d2/player/teddy459
707,,2021-08-27,/tournament/6125eb853fb4137b578d1723/standings,/organizer/116,Standard,87,/tournament/6125eb853fb4137b578d1723/player/tdonmt1989
709,,2021-08-26,/tournament/611eb39562efd977a7b93767/standings,/organizer/54,Standard,68,/tournament/611eb39562efd977a7b93767/player/inosoycarly
715,,2021-08-26,/tournament/611098b43ec3ac1f06b21a97/standings,/organizer/109,Standard,83,/tournament/611098b43ec3ac1f06b21a97/player/stazzy69
717,,2021-08-25,/tournament/chill-44/standings,/organizer/13,Standard,412,/tournament/chill-44/player/tappa02
721,,2021-08-24,/tournament/611c70e662efd977a7b92879/standings,/organizer/145,Standard,64,/tournament/611c70e662efd977a7b92879/player/jezyk
727,,2021-08-23,/tournament/611c9e6162efd977a7b928be/standings,/organizer/194,Standard,236,/tournament/611c9e6162efd977a7b928be/player/mawssa2000
731,,2021-08-23,/tournament/61223ad362efd977a7b94afe/standings,/organizer/36,Standard,64,/tournament/61223ad362efd977a7b94afe/player/royalcheez
735,,2021-08-22,/tournament/611a7d0b62efd977a7b91afc/standings,/organizer/87,Standard,99,/tournament/611a7d0b62efd977a7b91afc/player/maivalentine10
738,,2021-08-22,/tournament/6119686962efd977a7b9172a/standings,/organizer/4,Standard,198,/tournament/6119686962efd977a7b9172a/player/tdonmt1989
739,,2021-08-22,/tournament/6120c61262efd977a7b94391/standings,/organizer/109,Standard,82,/tournament/6120c61262efd977a7b94391/player/espel
744,,2021-08-21,/tournament/6106fa09c95f81428b6dfbe1/standings,/organizer/129,Standard,70,/tournament/6106fa09c95f81428b6dfbe1/player/openogility
759,,2021-08-20,/tournament/611cc49c62efd977a7b928fc/standings,/organizer/55,Standard,70,/tournament/611cc49c62efd977a7b928fc/player/shiranuimonchan
760,,2021-08-20,/tournament/60fd4655afa5d3360b0a6e70/standings,/organizer/70,Standard,107,/tournament/60fd4655afa5d3360b0a6e70/player/frostblaze13110
761,,2021-08-20,/tournament/611cfd1b62efd977a7b92984/standings,/organizer/116,Standard,88,/tournament/611cfd1b62efd977a7b92984/player/hsubrian6
762,,2021-08-19,/tournament/611ba9d562efd977a7b923fb/standings,/organizer/166,Standard,65,/tournament/611ba9d562efd977a7b923fb/player/masterlebui
765,,2021-08-19,/tournament/6116dd5b3ec3ac1f06b241a8/standings,/organizer/193,Standard,73,/tournament/6116dd5b3ec3ac1f06b241a8/player/manupango
766,,2021-08-19,/tournament/60fa6c984492b5049ef77f77/standings,/organizer/151,Standard,91,/tournament/60fa6c984492b5049ef77f77/player/ihatebannz
767,,2021-08-19,/tournament/611098893ec3ac1f06b21a96/standings,/organizer/109,Standard,79,/tournament/611098893ec3ac1f06b21a96/player/diamondking
769,,2021-08-18,/tournament/chill-43/standings,/organizer/13,Standard,394,/tournament/chill-43/player/matsuji0620
776,,2021-08-17,/tournament/611338ba3ec3ac1f06b227ff/standings,/organizer/145,Standard,64,/tournament/611338ba3ec3ac1f06b227ff/player/gabsbaptista
779,,2021-08-17,/tournament/6108b603c95f81428b6e02bf/standings,/organizer/109,Standard,82,/tournament/6108b603c95f81428b6e02bf/player/tappa02
780,,2021-08-16,/tournament/611327753ec3ac1f06b22753/standings,/organizer/194,Standard,245,/tournament/611327753ec3ac1f06b22753/player/dispencer
791,,2021-08-15,/tournament/6117086e3ec3ac1f06b242d1/standings,/organizer/87,Standard,81,/tournament/6117086e3ec3ac1f06b242d1/player/puninko
795,,2021-08-15,/tournament/60f1fa295d4b8f0ad7f399e5/standings,/organizer/54,Standard,76,/tournament/60f1fa295d4b8f0ad7f399e5/player/leandropringos
798,,2021-08-15,/tournament/611043683ec3ac1f06b219cd/standings,/organizer/4,Standard,207,/tournament/611043683ec3ac1f06b219cd/player/raio120
801,,2021-08-14,/tournament/611123463ec3ac1f06b21b7a/standings,/organizer/144,Standard,191,/tournament/611123463ec3ac1f06b21b7a/player/tomyw
821,,2021-08-13,/tournament/610eaa820a61552fe1353146/standings,/organizer/116,Standard,109,/tournament/610eaa820a61552fe1353146/player/auriz27
825,,2021-08-12,/tournament/60eeae3a5d4b8f0ad7f3850f/standings,/organizer/151,Standard,79,/tournament/60eeae3a5d4b8f0ad7f3850f/player/kayalichtleitner
828,,2021-08-12,/tournament/611098363ec3ac1f06b21a93/standings,/organizer/109,Standard,70,/tournament/611098363ec3ac1f06b21a93/player/puninko
830,,2021-08-11,/tournament/chill-42/standings,/organizer/13,Standard,477,/tournament/chill-42/player/raptr4
835,,2021-08-10,/tournament/6112dce93ec3ac1f06b2254c/standings,/organizer/166,Standard,70,/tournament/6112dce93ec3ac1f06b2254c/player/brian199988
837,,2021-08-10,/tournament/6109fb70c95f81428b6e089e/standings,/organizer/145,Standard,64,/tournament/6109fb70c95f81428b6e089e/player/ace702
841,,2021-08-10,/tournament/6108b5adc95f81428b6e02be/standings,/organizer/109,Standard,79,/tournament/6108b5adc95f81428b6e02be/player/tetrapod1110
842,,2021-08-09,/tournament/610a012dc95f81428b6e08aa/standings,/organizer/194,Standard,128,/tournament/610a012dc95f81428b6e08aa/player/toshin
846,,2021-08-09,/tournament/610fee143ec3ac1f06b21648/standings,/organizer/36,Standard,64,/tournament/610fee143ec3ac1f06b21648/player/trickyws
855,,2021-08-08,/tournament/610833cac95f81428b6dfefe/standings,/organizer/4,Standard,187,/tournament/610833cac95f81428b6dfefe/player/keito
857,,2021-08-08,/tournament/60d41e305a6b7e0b0e260b24/standings,/organizer/109,Standard,105,/tournament/60d41e305a6b7e0b0e260b24/player/zattack10
865,,2021-08-07,/tournament/60f97483b21ffb795916cce3/standings,/organizer/19,Standard,424,/tournament/60f97483b21ffb795916cce3/player/angel22aranibar
883,,2021-08-06,/tournament/6107d851c95f81428b6dfd6f/standings,/organizer/116,Standard,74,/tournament/6107d851c95f81428b6dfd6f/player/kashmann27
886,,2021-08-05,/tournament/610549a9c95f81428b6df39f/standings,/organizer/54,Standard,75,/tournament/610549a9c95f81428b6df39f/player/redbreezy
888,,2021-08-05,/tournament/60fcf5c7afa5d3360b0a6cce/standings,/organizer/177,Standard,84,/tournament/60fcf5c7afa5d3360b0a6cce/player/lullibar
893,,2021-08-04,/tournament/chill-41/standings,/organizer/13,Standard,842,/tournament/chill-41/player/diamondking
901,,2021-08-03,/tournament/6100c63ac95f81428b6ddf9d/standings,/organizer/145,Standard,64,/tournament/6100c63ac95f81428b6ddf9d/player/lilly130910
908,,2021-08-02,/tournament/6104b0fac95f81428b6df2e8/standings,/organizer/193,Standard,83,/tournament/6104b0fac95f81428b6df2e8/player/liszyk
910,,2021-08-02,/tournament/6106cab3c95f81428b6dfae6/standings,/organizer/36,Standard,64,/tournament/6106cab3c95f81428b6dfae6/player/rosarios0818
920,,2021-08-01,/tournament/60d41dbd5a6b7e0b0e260b23/standings,/organizer/109,Standard,90,/tournament/60d41dbd5a6b7e0b0e260b23/player/joshuasutherland21
939,,2021-07-30,/tournament/60ff1493c95f81428b6dd7f4/standings,/organizer/43,Standard,260,/tournament/60ff1493c95f81428b6dd7f4/player/bdsax
950,,2021-07-29,/tournament/60eeae215d4b8f0ad7f3850d/standings,/organizer/151,Standard,67,/tournament/60eeae215d4b8f0ad7f3850d/player/williammiloh
955,,2021-07-28,/tournament/60ffab3ac95f81428b6ddab6/standings,/organizer/193,Standard,110,/tournament/60ffab3ac95f81428b6ddab6/player/kyoukaiten
966,,2021-07-27,/tournament/60f7499a732e22754f547391/standings,/organizer/109,Standard,74,/tournament/60f7499a732e22754f547391/player/xenontan
972,,2021-07-26,/tournament/60fd9a9bc95f81428b6dd376/standings,/organizer/36,Standard,64,/tournament/60fd9a9bc95f81428b6dd376/player/teethanatt
983,,2021-07-25,/tournament/60fbdbffafa5d3360b0a64f0/standings,/organizer/4,Standard,168,/tournament/60fbdbffafa5d3360b0a64f0/player/augustoberinguer
986,,2021-07-25,/tournament/60d41d875a6b7e0b0e260b22/standings,/organizer/109,Standard,89,/tournament/60d41d875a6b7e0b0e260b22/player/kvi
987,,2021-07-24,/tournament/60ed21675d4b8f0ad7f37d20/standings,/organizer/167,Standard,178,/tournament/60ed21675d4b8f0ad7f37d20/player/zac1054
995,,2021-07-24,/tournament/60e4c1c704ccad7e9fbe6364/standings,/organizer/60,Standard,165,/tournament/60e4c1c704ccad7e9fbe6364/player/jonah2705
1005,,2021-07-23,/tournament/60e985db5d4b8f0ad7f364f9/standings,/organizer/177,Standard,92,/tournament/60e985db5d4b8f0ad7f364f9/player/xinjunyu
1011,,2021-07-22,/tournament/60f1e9455d4b8f0ad7f399a0/standings,/organizer/54,Standard,73,/tournament/60f1e9455d4b8f0ad7f399a0/player/evancampbell94
1012,,2021-07-22,/tournament/60eeadfa5d4b8f0ad7f3850c/standings,/organizer/151,Standard,73,/tournament/60eeadfa5d4b8f0ad7f3850c/player/tdonmt1989
1017,,2021-07-21,/tournament/60f56fde5d4b8f0ad7f3af23/standings,/organizer/13,Standard,377,/tournament/60f56fde5d4b8f0ad7f3af23/player/angel22aranibar
1026,,2021-07-20,/tournament/60ee4e1c5d4b8f0ad7f383bb/standings,/organizer/145,Standard,64,/tournament/60ee4e1c5d4b8f0ad7f383bb/player/goomy47
1030,,2021-07-20,/tournament/60f37d355d4b8f0ad7f3a5b0/standings,/organizer/109,Standard,72,/tournament/60f37d355d4b8f0ad7f3a5b0/player/teethanatt
1046,,2021-07-18,/tournament/60f289c05d4b8f0ad7f39d1b/standings,/organizer/4,Standard,195,/tournament/60f289c05d4b8f0ad7f39d1b/player/kayalichtleitner
1048,,2021-07-18,/tournament/60d41d595a6b7e0b0e260b21/standings,/organizer/109,Standard,93,/tournament/60d41d595a6b7e0b0e260b21/player/ezzz
1058,,2021-07-17,/tournament/60d23cc45a6b7e0b0e25fe78/standings,/organizer/19,Standard,331,/tournament/60d23cc45a6b7e0b0e25fe78/player/diamondking
1069,,2021-07-16,/tournament/60aafa2447e5866020612086/standings,/organizer/131,Standard,78,/tournament/60aafa2447e5866020612086/player/tdonmt1989
1073,,2021-07-16,/tournament/sos-monthly-6/standings,/organizer/65,Standard,121,/tournament/sos-monthly-6/player/kaiserscorch
1077,,2021-07-16,/tournament/60ec2dad5d4b8f0ad7f37610/standings,/organizer/116,Standard,71,/tournament/60ec2dad5d4b8f0ad7f37610/player/grillorinho
1079,,2021-07-15,/tournament/60ec5be15d4b8f0ad7f376dd/standings,/organizer/54,Standard,65,/tournament/60ec5be15d4b8f0ad7f376dd/player/zayalee
1089,,2021-07-14,/tournament/chill-39/standings,/organizer/13,Standard,455,/tournament/chill-39/player/johnwt5975
1096,,2021-07-13,/tournament/60dfc07104ccad7e9fbe478a/standings,/organizer/6,Standard,65,/tournament/60dfc07104ccad7e9fbe478a/player/raio120
1099,,2021-07-13,/tournament/60e5146704ccad7e9fbe655d/standings,/organizer/145,Standard,64,/tournament/60e5146704ccad7e9fbe655d/player/wakeupsuper11
1104,,2021-07-13,/tournament/60dfbf4204ccad7e9fbe476e/standings,/organizer/25,Standard,65,/tournament/60dfbf4204ccad7e9fbe476e/player/manupango
1110,,2021-07-12,/tournament/60e3b20804ccad7e9fbe5e97/standings,/organizer/153,Standard,121,/tournament/60e3b20804ccad7e9fbe5e97/player/crypon1
1113,,2021-07-12,/tournament/60eb0fb35d4b8f0ad7f36fae/standings,/organizer/36,Standard,64,/tournament/60eb0fb35d4b8f0ad7f36fae/player/aaqil
1127,,2021-07-11,/tournament/60e29b5204ccad7e9fbe5973/standings,/organizer/4,Standard,211,/tournament/60e29b5204ccad7e9fbe5973/player/brian199988
1129,,2021-07-11,/tournament/60d41d185a6b7e0b0e260b1f/standings,/organizer/109,Standard,128,/tournament/60d41d185a6b7e0b0e260b1f/player/calcal206
1140,,2021-07-10,/tournament/60d532735a6b7e0b0e261162/standings,/organizer/60,Standard,157,/tournament/60d532735a6b7e0b0e261162/player/matthewvrede
1141,,2021-07-10,/tournament/60e5c11804ccad7e9fbe67ce/standings,/organizer/129,Standard,101,/tournament/60e5c11804ccad7e9fbe67ce/player/s1052660
1145,,2021-07-10,/tournament/60e0975904ccad7e9fbe4f31/standings,/organizer/144,Standard,165,/tournament/60e0975904ccad7e9fbe4f31/player/tyranitar
1152,,2021-07-09,/tournament/60aaf94547e5866020612085/standings,/organizer/131,Standard,92,/tournament/60aaf94547e5866020612085/player/dackertaz
1155,,2021-07-09,/tournament/60e4f78904ccad7e9fbe651c/standings,/organizer/177,Standard,117,/tournament/60e4f78904ccad7e9fbe651c/player/hawtie
1164,,2021-07-08,/tournament/60dfa33004ccad7e9fbe466d/standings,/organizer/54,Standard,77,/tournament/60dfa33004ccad7e9fbe466d/player/shsupersonic
1165,,2021-07-08,/tournament/60c32be8c7148c7e1809fd49/standings,/organizer/151,Standard,103,/tournament/60c32be8c7148c7e1809fd49/player/mrsodaking
1171,,2021-07-07,/tournament/chill-38/standings,/organizer/13,Standard,427,/tournament/chill-38/player/hawtie
1176,,2021-07-06,/tournament/60e36ba204ccad7e9fbe5d4c/standings,/organizer/158,Standard,70,/tournament/60e36ba204ccad7e9fbe5d4c/player/nagii
1178,,2021-07-06,/tournament/60dbd5755a6b7e0b0e263407/standings,/organizer/145,Standard,64,/tournament/60dbd5755a6b7e0b0e263407/player/sinvaas
1185,,2021-07-06,/tournament/60d416bc5a6b7e0b0e260b14/standings,/organizer/109,Standard,67,/tournament/60d416bc5a6b7e0b0e260b14/player/jonah2705
1186,,2021-07-05,/tournament/60dfaf9304ccad7e9fbe470e/standings,/organizer/158,Standard,65,/tournament/60dfaf9304ccad7e9fbe470e/player/bruh0327
1189,,2021-07-05,/tournament/60e19b7704ccad7e9fbe54b4/standings,/organizer/36,Standard,64,/tournament/60e19b7704ccad7e9fbe54b4/player/kong01361955
1201,,2021-07-04,/tournament/60d916ba5a6b7e0b0e2627b1/standings,/organizer/25,Standard,81,/tournament/60d916ba5a6b7e0b0e2627b1/player/kootje
1204,,2021-07-04,/tournament/60d41bd35a6b7e0b0e260b1e/standings,/organizer/109,Standard,120,/tournament/60d41bd35a6b7e0b0e260b1e/player/izmirarmani
1208,,2021-07-03,/tournament/60dd377c5a6b7e0b0e263fbd/standings,/organizer/68,Standard,86,/tournament/60dd377c5a6b7e0b0e263fbd/player/royalcheez
1209,,2021-07-03,/tournament/60d7af775a6b7e0b0e262077/standings,/organizer/142,Standard,79,/tournament/60d7af775a6b7e0b0e262077/player/augustoberinguer
1210,,2021-07-03,/tournament/60ddbf335a6b7e0b0e2640e9/standings,/organizer/129,Standard,162,/tournament/60ddbf335a6b7e0b0e2640e9/player/luckyboy
1212,,2021-07-03,/tournament/60ddf64a04ccad7e9fbe3bbb/standings,/organizer/144,Standard,118,/tournament/60ddf64a04ccad7e9fbe3bbb/player/yawei1234
1213,,2021-07-03,/tournament/60d0833f5a6b7e0b0e25f6e4/standings,/organizer/5,Standard,140,/tournament/60d0833f5a6b7e0b0e25f6e4/player/alpaca279
1220,,2021-07-02,/tournament/60aaf61d47e5866020612080/standings,/organizer/131,Standard,98,/tournament/60aaf61d47e5866020612080/player/thericardotoddy
1226,,2021-07-02,/tournament/60d73af25a6b7e0b0e261a85/standings,/organizer/116,Standard,68,/tournament/60d73af25a6b7e0b0e261a85/player/aoldale
1227,,2021-07-01,/tournament/60dacf495a6b7e0b0e262de6/standings,/organizer/39,Standard,127,/tournament/60dacf495a6b7e0b0e262de6/player/wykeen1994
1228,,2021-07-01,/tournament/60d889a95a6b7e0b0e262287/standings,/organizer/54,Standard,77,/tournament/60d889a95a6b7e0b0e262287/player/liamkidd
1232,,2021-07-01,/tournament/60c32bdec7148c7e1809fd48/standings,/organizer/151,Standard,105,/tournament/60c32bdec7148c7e1809fd48/player/tifaroo
1236,,2021-06-30,/tournament/chill-37/standings,/organizer/13,Standard,527,/tournament/chill-37/player/wadedaze
1245,,2021-06-29,/tournament/60d29fcf5a6b7e0b0e2600c0/standings,/organizer/145,Standard,64,/tournament/60d29fcf5a6b7e0b0e2600c0/player/elporygon
1252,,2021-06-29,/tournament/60d31bf75a6b7e0b0e260148/standings,/organizer/109,Standard,68,/tournament/60d31bf75a6b7e0b0e260148/player/juniorz1996
1256,,2021-06-28,/tournament/60d872b25a6b7e0b0e2621dd/standings,/organizer/36,Standard,64,/tournament/60d872b25a6b7e0b0e2621dd/player/ycc7738605
1266,,2021-06-27,/tournament/60d5dceb5a6b7e0b0e261354/standings,/organizer/4,Standard,262,/tournament/60d5dceb5a6b7e0b0e261354/player/wadedaze
1277,,2021-06-26,/tournament/60b65cfc46367e4c1990381d/standings,/organizer/50,Standard,129,/tournament/60b65cfc46367e4c1990381d/player/teledeth
1278,,2021-06-26,/tournament/60c193e3c7148c7e1809f78e/standings,/organizer/60,Standard,91,/tournament/60c193e3c7148c7e1809f78e/player/panzerd
1279,,2021-06-26,/tournament/60d086cd5a6b7e0b0e25f6eb/standings,/organizer/129,Standard,123,/tournament/60d086cd5a6b7e0b0e25f6eb/player/yuyu
1280,,2021-06-26,/tournament/limitless-invitational-2021/standings,/organizer/1,Standard,70,/tournament/limitless-invitational-2021/player/harun
1291,,2021-06-25,/tournament/sos-monthly-5/standings,/organizer/65,Standard,93,/tournament/sos-monthly-5/player/robin
1294,,2021-06-24,/tournament/60c79d2ffdbf1d35a131a719/standings,/organizer/39,Standard,71,/tournament/60c79d2ffdbf1d35a131a719/player/pedrovski
1296,,2021-06-24,/tournament/60d09e415a6b7e0b0e25f75f/standings,/organizer/54,Standard,94,/tournament/60d09e415a6b7e0b0e25f75f/player/aleexdouglas
1298,,2021-06-24,/tournament/60c32bcac7148c7e1809fd47/standings,/organizer/151,Standard,113,/tournament/60c32bcac7148c7e1809fd47/player/brian199988
1302,,2021-06-23,/tournament/chill-36/standings,/organizer/13,Standard,442,/tournament/chill-36/player/applerockcheese
1310,,2021-06-22,/tournament/60c92173fdbf1d35a131ad0b/standings,/organizer/145,Standard,64,/tournament/60c92173fdbf1d35a131ad0b/player/drayke
1324,,2021-06-20,/tournament/60bf10eac7148c7e1809e4d4/standings,/organizer/153,Standard,69,/tournament/60bf10eac7148c7e1809e4d4/player/globaltrainer71
1329,,2021-06-20,/tournament/60c6f27bfdbf1d35a131a528/standings,/organizer/4,Standard,161,/tournament/60c6f27bfdbf1d35a131a528/player/demetris
1339,,2021-06-19,/tournament/60a97acc47e586602061185c/standings,/organizer/19,Standard,184,/tournament/60a97acc47e586602061185c/player/luffy87512
1340,,2021-06-19,/tournament/60c97a8afdbf1d35a131ae82/standings,/organizer/129,Standard,73,/tournament/60c97a8afdbf1d35a131ae82/player/tonytoon119
1350,,2021-06-18,/tournament/60c3700dc7148c7e1809fe54/standings,/organizer/116,Standard,89,/tournament/60c3700dc7148c7e1809fe54/player/phenomenalstq
1354,,2021-06-17,/tournament/60c32688c7148c7e1809fd43/standings,/organizer/151,Standard,73,/tournament/60c32688c7148c7e1809fd43/player/jonah2705
1361,,2021-06-16,/tournament/chill-35/standings,/organizer/13,Standard,328,/tournament/chill-35/player/r3dhun9
1365,,2021-06-15,/tournament/60bfd547c7148c7e1809e802/standings,/organizer/145,Standard,64,/tournament/60bfd547c7148c7e1809e802/player/kyoukaiten
1385,,2021-06-13,/tournament/60be82dcc7148c7e1809e3cf/standings,/organizer/39,Standard,78,/tournament/60be82dcc7148c7e1809e3cf/player/tablemon
1388,,2021-06-13,/tournament/60c23b8dc7148c7e1809f8c1/standings,/organizer/4,Standard,220,/tournament/60c23b8dc7148c7e1809f8c1/player/marcocifuentes
1399,,2021-06-12,/tournament/60b4699946367e4c19903247/standings,/organizer/60,Standard,168,/tournament/60b4699946367e4c19903247/player/jonah2705
1400,,2021-06-12,/tournament/60aad70c47e5866020612005/standings,/organizer/129,Standard,100,/tournament/60aad70c47e5866020612005/player/ycc7738605
1408,,2021-06-11,/tournament/60aaf3da47e5866020612078/standings,/organizer/131,Standard,68,/tournament/60aaf3da47e5866020612078/player/globaltrainer71
1411,,2021-06-11,/tournament/60b6500c46367e4c199037c6/standings,/organizer/25,Standard,72,/tournament/60b6500c46367e4c199037c6/player/jonah2705
1415,,2021-06-10,/tournament/604594de78bab44bc84b50c8/standings,/organizer/97,Standard,74,/tournament/604594de78bab44bc84b50c8/player/bart
1418,,2021-06-10,/tournament/60bf0d81c7148c7e1809e4d3/standings,/organizer/151,Standard,130,/tournament/60bf0d81c7148c7e1809e4d3/player/warexpert
1419,,2021-06-09,/tournament/chill-34/standings,/organizer/13,Standard,750,/tournament/chill-34/player/luby
1441,,2021-06-06,/tournament/60b6363746367e4c1990377f/standings,/organizer/39,Standard,75,/tournament/60b6363746367e4c1990377f/player/hussemon
1444,,2021-06-06,/tournament/60b5c0d646367e4c19903699/standings,/organizer/20,Standard,85,/tournament/60b5c0d646367e4c19903699/player/jwebz
1456,,2021-06-05,/tournament/los-weekly-32/standings,/organizer/1,Standard,303,/tournament/los-weekly-32/player/keau
1459,,2021-06-05,/tournament/60967d0ce1f6d5087b24d7a1/standings,/organizer/5,Standard,69,/tournament/60967d0ce1f6d5087b24d7a1/player/gabrielsmarttcg
1478,,2021-06-02,/tournament/chill-33/standings,/organizer/13,Standard,321,/tournament/chill-33/player/hbjtrevo
1482,,2021-06-02,/tournament/60b646ef46367e4c1990379f/standings,/organizer/25,Standard,64,/tournament/60b646ef46367e4c1990379f/player/marcocifuentes
1485,,2021-06-01,/tournament/60b025fb46367e4c19901ab4/standings,/organizer/6,Standard,97,/tournament/60b025fb46367e4c19901ab4/player/lucas226474
1498,,2021-05-31,/tournament/60b3a28146367e4c19902be0/standings,/organizer/36,Standard,64,/tournament/60b3a28146367e4c19902be0/player/ronnpyy
1510,,2021-05-30,/tournament/60abfa7847e586602061233f/standings,/organizer/4,Standard,234,/tournament/60abfa7847e586602061233f/player/julian135707
1519,,2021-05-29,/tournament/60aa9b7a47e5866020611e67/standings,/organizer/60,Standard,93,/tournament/60aa9b7a47e5866020611e67/player/pachi
1522,,2021-05-29,/tournament/6097dc60e1f6d5087b24dea3/standings,/organizer/101,Standard,180,/tournament/6097dc60e1f6d5087b24dea3/player/raio120
1544,,2021-05-26,/tournament/chill-32/standings,/organizer/13,Standard,325,/tournament/chill-32/player/khusaidan7
1545,,2021-05-26,/tournament/60aa785d47e5866020611bbe/standings,/organizer/31,Standard,74,/tournament/60aa785d47e5866020611bbe/player/harezonhigh
1547,,2021-05-25,/tournament/609ada8f6825ec116c06d6b3/standings,/organizer/6,Standard,145,/tournament/609ada8f6825ec116c06d6b3/player/marcusytan
1571,,2021-05-23,/tournament/60a1908f47e586602060f89a/standings,/organizer/4,Standard,235,/tournament/60a1908f47e586602060f89a/player/danny32003
1587,,2021-05-21,/tournament/60a19db047e586602060f8b1/standings,/organizer/43,Standard,75,/tournament/60a19db047e586602060f8b1/player/vitorlugon
1594,,2021-05-21,/tournament/sos-monthly-4/standings,/organizer/65,Standard,103,/tournament/sos-monthly-4/player/azulgg
1598,,2021-05-21,/tournament/60a380ca47e586602060fd50/standings,/organizer/116,Standard,100,/tournament/60a380ca47e586602060fd50/player/r3dhun9
1606,,2021-05-19,/tournament/chill-31/standings,/organizer/13,Standard,308,/tournament/chill-31/player/symphogear119
1633,,2021-05-16,/tournament/609c08db6825ec116c06da79/standings,/organizer/4,Standard,180,/tournament/609c08db6825ec116c06da79/player/lexortcg
1647,,2021-05-15,/tournament/6081f77297ad391d1c0bb4f8/standings,/organizer/19,Standard,195,/tournament/6081f77297ad391d1c0bb4f8/player/vitorlugon
1665,,2021-05-14,/tournament/6096ab9de1f6d5087b24da5e/standings,/organizer/116,Standard,95,/tournament/6096ab9de1f6d5087b24da5e/player/cmorg
1673,,2021-05-12,/tournament/chill-30/standings,/organizer/13,Standard,299,/tournament/chill-30/player/stl
1686,,2021-05-10,/tournament/608c591b4e38a2727117b4bb/standings,/organizer/99,Standard,80,/tournament/608c591b4e38a2727117b4bb/player/cruzcontrol
1702,,2021-05-09,/tournament/608ff6134e38a2727117c627/standings,/organizer/4,Standard,172,/tournament/608ff6134e38a2727117c627/player/memaanhc
1706,,2021-05-08,/tournament/608e13f44e38a2727117bdb3/standings,/organizer/68,Standard,71,/tournament/608e13f44e38a2727117bdb3/player/angel22aranibar
1709,,2021-05-08,/tournament/los-weekly-29/standings,/organizer/1,Standard,336,/tournament/los-weekly-29/player/fabian2206
1713,,2021-05-08,/tournament/607019a68a46bf0b3b0a6f71/standings,/organizer/113,Standard,67,/tournament/607019a68a46bf0b3b0a6f71/player/anonowen
1719,,2021-05-07,/tournament/608c57814e38a2727117b4b8/standings,/organizer/32,Standard,92,/tournament/608c57814e38a2727117b4b8/player/76ers
1728,,2021-05-07,/tournament/608d077c4e38a2727117b7c6/standings,/organizer/116,Standard,91,/tournament/608d077c4e38a2727117b7c6/player/orange360
1738,,2021-05-05,/tournament/chill-lcq3/standings,/organizer/13,Standard,355,/tournament/chill-lcq3/player/memaanhc
1745,,2021-05-04,/tournament/608960dae66d606b4476126a/standings,/organizer/6,Standard,97,/tournament/608960dae66d606b4476126a/player/grillorinho
1751,,2021-05-03,/tournament/607ee44d97ad391d1c0b9ec8/standings,/organizer/99,Standard,116,/tournament/607ee44d97ad391d1c0b9ec8/player/moda69
1768,,2021-05-01,/tournament/6051a271998e18174a7f4bca/standings,/organizer/87,Standard,126,/tournament/6051a271998e18174a7f4bca/player/kashmann27
1786,,2021-04-30,/tournament/60832bd3e4bc5d1b94059c6b/standings,/organizer/32,Standard,118,/tournament/60832bd3e4bc5d1b94059c6b/player/liamkidd
1792,,2021-04-30,/tournament/los-weekly-28/standings,/organizer/1,Standard,294,/tournament/los-weekly-28/player/lassen1356
1797,,2021-04-29,/tournament/607d6e6a15e75b53645d0b36/standings,/organizer/54,Standard,74,/tournament/607d6e6a15e75b53645d0b36/player/jonah2705
1800,,2021-04-28,/tournament/chill-29/standings,/organizer/13,Standard,449,/tournament/chill-29/player/adamkalamat
1806,,2021-04-27,/tournament/606d00878a46bf0b3b0a5d29/standings,/organizer/6,Standard,142,/tournament/606d00878a46bf0b3b0a5d29/player/vortex193
1812,,2021-04-26,/tournament/60797b007fb4f117f3b37bb0/standings,/organizer/99,Standard,114,/tournament/60797b007fb4f117f3b37bb0/player/azulgg
1814,,2021-04-26,/tournament/60829e5597ad391d1c0bb7c3/standings,/organizer/66,Standard,66,/tournament/60829e5597ad391d1c0bb7c3/player/camus91
1816,,2021-04-25,/tournament/60802d1e97ad391d1c0ba5d4/standings,/organizer/3,Standard,78,/tournament/60802d1e97ad391d1c0ba5d4/player/luby
1822,,2021-04-25,/tournament/60835dece4bc5d1b94059e39/standings,/organizer/4,Standard,225,/tournament/60835dece4bc5d1b94059e39/player/jaylezzy
1823,,2021-04-24,/tournament/6077b1268a46bf0b3b0aa643/standings,/organizer/68,Standard,82,/tournament/6077b1268a46bf0b3b0aa643/player/warexpert
1833,,2021-04-24,/tournament/607f233397ad391d1c0ba038/standings,/organizer/61,Standard,136,/tournament/607f233397ad391d1c0ba038/player/lucas226474
1836,,2021-04-23,/tournament/6081f83d97ad391d1c0bb4f9/standings,/organizer/32,Standard,90,/tournament/6081f83d97ad391d1c0bb4f9/player/dracinioo
1841,,2021-04-23,/tournament/sos-monthly-3/standings,/organizer/65,Standard,182,/tournament/sos-monthly-3/player/coyne
1851,,2021-04-22,/tournament/607ae4e77fb4f117f3b383cd/standings,/organizer/45,Standard,109,/tournament/607ae4e77fb4f117f3b383cd/player/hayden
1858,,2021-04-21,/tournament/chill-28/standings,/organizer/13,Standard,518,/tournament/chill-28/player/joshuasutherland21
1860,,2021-04-21,/tournament/607c922c15e75b53645d0934/standings,/organizer/68,Standard,72,/tournament/607c922c15e75b53645d0934/player/sink
1865,,2021-04-20,/tournament/606d00708a46bf0b3b0a5d28/standings,/organizer/6,Standard,113,/tournament/606d00708a46bf0b3b0a5d28/player/iamflukeovo
1868,,2021-04-20,/tournament/60615fca60841f6b33f071d6/standings,/organizer/46,Standard,67,/tournament/60615fca60841f6b33f071d6/player/joshuasutherland21
1870,,2021-04-19,/tournament/6078c8bf7fb4f117f3b37925/standings,/organizer/2,Standard,345,/tournament/6078c8bf7fb4f117f3b37925/player/pokehawkeye
1876,,2021-04-18,/tournament/607680c28a46bf0b3b0a9c3a/standings,/organizer/39,Standard,87,/tournament/607680c28a46bf0b3b0a9c3a/player/gabeshumway
1883,,2021-04-17,/tournament/6077b0678a46bf0b3b0aa641/standings,/organizer/68,Standard,65,/tournament/6077b0678a46bf0b3b0aa641/player/juan1421
1888,,2021-04-17,/tournament/605df80960841f6b33f05716/standings,/organizer/54,Standard,99,/tournament/605df80960841f6b33f05716/player/brunotp
1890,,2021-04-17,/tournament/5fc8180fbdec90338520a5b1/standings,/organizer/19,Standard,485,/tournament/5fc8180fbdec90338520a5b1/player/drdyx
1893,,2021-04-16,/tournament/6070e45b8a46bf0b3b0a748d/standings,/organizer/72,Standard,68,/tournament/6070e45b8a46bf0b3b0a748d/player/hayden
1906,,2021-04-15,/tournament/6062533e60841f6b33f0758d/standings,/organizer/99,Standard,67,/tournament/6062533e60841f6b33f0758d/player/senordoom
1908,,2021-04-15,/tournament/606b65b88a46bf0b3b0a54cb/standings,/organizer/32,Standard,81,/tournament/606b65b88a46bf0b3b0a54cb/player/oliveer7
1911,,2021-04-14,/tournament/chill-27/standings,/organizer/13,Standard,444,/tournament/chill-27/player/plariers
1917,,2021-04-13,/tournament/606d00638a46bf0b3b0a5d27/standings,/organizer/6,Standard,109,/tournament/606d00638a46bf0b3b0a5d27/player/flowtkast
1922,,2021-04-13,/tournament/60615fac60841f6b33f071d5/standings,/organizer/46,Standard,66,/tournament/60615fac60841f6b33f071d5/player/runeh2007
1924,,2021-04-12,/tournament/6067b96e8a46bf0b3b0a42e7/standings,/organizer/2,Standard,371,/tournament/6067b96e8a46bf0b3b0a42e7/player/capojr
1926,,2021-04-12,/tournament/60705c888a46bf0b3b0a7043/standings,/organizer/66,Standard,66,/tournament/60705c888a46bf0b3b0a7043/player/redpyro1266
1931,,2021-04-11,/tournament/606cc9d08a46bf0b3b0a5a69/standings,/organizer/3,Standard,84,/tournament/606cc9d08a46bf0b3b0a5a69/player/marcocifuentes
1936,,2021-04-11,/tournament/606b37f58a46bf0b3b0a529e/standings,/organizer/20,Standard,74,/tournament/606b37f58a46bf0b3b0a529e/player/bigcole
1937,,2021-04-11,/tournament/607057528a46bf0b3b0a7029/standings,/organizer/4,Standard,175,/tournament/607057528a46bf0b3b0a7029/player/yuyu
1940,,2021-04-10,/tournament/606a8d648a46bf0b3b0a516a/standings,/organizer/68,Standard,66,/tournament/606a8d648a46bf0b3b0a516a/player/maualmeida88
1946,,2021-04-10,/tournament/los-major-3-by-potown-store/standings,/organizer/1,Standard,528,/tournament/los-major-3-by-potown-store/player/keropon
1951,,2021-04-09,/tournament/606b66698a46bf0b3b0a54de/standings,/organizer/21,Standard,74,/tournament/606b66698a46bf0b3b0a54de/player/pokenate
1960,,2021-04-08,/tournament/6062521260841f6b33f07583/standings,/organizer/99,Standard,215,/tournament/6062521260841f6b33f07583/player/bart
1963,,2021-04-07,/tournament/chill-26/standings,/organizer/13,Standard,453,/tournament/chill-26/player/nikozzz88
1969,,2021-04-06,/tournament/6069df2e8a46bf0b3b0a4db6/standings,/organizer/6,Standard,170,/tournament/6069df2e8a46bf0b3b0a4db6/player/bart
1971,,2021-04-06,/tournament/60615f9060841f6b33f071d4/standings,/organizer/46,Standard,82,/tournament/60615f9060841f6b33f071d4/player/dracinioo
1972,,2021-04-05,/tournament/606b42b88a46bf0b3b0a52e6/standings,/organizer/91,Standard,105,/tournament/606b42b88a46bf0b3b0a52e6/player/anti
1974,,2021-04-05,/tournament/60673dee8a46bf0b3b0a39e1/standings,/organizer/66,Standard,130,/tournament/60673dee8a46bf0b3b0a39e1/player/runeh2007
1977,,2021-04-04,/tournament/60490648f82ed20e68b94a19/standings,/organizer/3,Standard,98,/tournament/60490648f82ed20e68b94a19/player/joshuasutherland21
1985,,2021-04-04,/tournament/6065f23d8a46bf0b3b0a3102/standings,/organizer/25,Standard,75,/tournament/6065f23d8a46bf0b3b0a3102/player/kvi
1986,,2021-04-03,/tournament/6062e7a760841f6b33f078b6/standings,/organizer/24,Standard,107,/tournament/6062e7a760841f6b33f078b6/player/juan1421
1991,,2021-04-03,/tournament/605f5ee860841f6b33f062dd/standings,/organizer/51,Standard,64,/tournament/605f5ee860841f6b33f062dd/player/1coolbro
1992,,2021-04-03,/tournament/6030018318aa7e5c912597fd/standings,/organizer/50,Standard,216,/tournament/6030018318aa7e5c912597fd/player/checkmarks6
1995,,2021-04-03,/tournament/6065f1c38a46bf0b3b0a3101/standings,/organizer/25,Standard,66,/tournament/6065f1c38a46bf0b3b0a3101/player/keau
1997,,2021-04-03,/tournament/5ffe866b47dfb35986eb503f/standings,/organizer/5,Standard,72,/tournament/5ffe866b47dfb35986eb503f/player/kashmann27
2000,,2021-04-02,/tournament/60668c3d8a46bf0b3b0a3774/standings,/organizer/2,Standard,260,/tournament/60668c3d8a46bf0b3b0a3774/player/theguywith2hats
2004,,2021-04-02,/tournament/los-weekly-25/standings,/organizer/1,Standard,389,/tournament/los-weekly-25/player/thefleeee
2009,,2021-04-01,/tournament/6063d66760841f6b33f08085/standings,/organizer/39,Standard,142,/tournament/6063d66760841f6b33f08085/player/vina
2015,,2021-03-31,/tournament/chill-25/standings,/organizer/13,Standard,586,/tournament/chill-25/player/gam3ralo
2021,,2021-03-30,/tournament/60536fb3998e18174a7f5059/standings,/organizer/54,Standard,230,/tournament/60536fb3998e18174a7f5059/player/igortotozistico
2026,,2021-03-30,/tournament/60615f6160841f6b33f071d3/standings,/organizer/46,Standard,66,/tournament/60615f6160841f6b33f071d3/player/haruto0921
2027,,2021-03-29,/tournament/605c83b7998e18174a7f79d9/standings,/organizer/2,Standard,217,/tournament/605c83b7998e18174a7f79d9/player/leandropringos
2029,,2021-03-29,/tournament/605e1cfc60841f6b33f0589b/standings,/organizer/66,Standard,71,/tournament/605e1cfc60841f6b33f0589b/player/jarihonraedt
2031,,2021-03-28,/tournament/6046748678bab44bc84b5275/standings,/organizer/99,Standard,185,/tournament/6046748678bab44bc84b5275/player/leandropringos
2037,,2021-03-28,/tournament/605b7378998e18174a7f70b2/standings,/organizer/4,Standard,279,/tournament/605b7378998e18174a7f70b2/player/bart
2042,,2021-03-27,/tournament/602a2a5918aa7e5c91258736/standings,/organizer/60,Standard,125,/tournament/602a2a5918aa7e5c91258736/player/ryanm
2047,,2021-03-27,/tournament/los-weekly-24/standings,/organizer/1,Standard,367,/tournament/los-weekly-24/player/stefanobassis
2049,,2021-03-26,/tournament/605c7dd3998e18174a7f79ad/standings,/organizer/2,Standard,180,/tournament/605c7dd3998e18174a7f79ad/player/gmibbs
2053,,2021-03-26,/tournament/60424264d159610b3b236ea4/standings,/organizer/65,Standard,174,/tournament/60424264d159610b3b236ea4/player/warexpert
2058,,2021-03-25,/tournament/60592d5a998e18174a7f67a0/standings,/organizer/21,Standard,92,/tournament/60592d5a998e18174a7f67a0/player/hbjtrevo
2064,,2021-03-24,/tournament/chill24/standings,/organizer/13,Standard,399,/tournament/chill24/player/rkbp
2070,,2021-03-23,/tournament/6057c49a998e18174a7f6241/standings,/organizer/6,Standard,131,/tournament/6057c49a998e18174a7f6241/player/uapha
2074,,2021-03-22,/tournament/60576220998e18174a7f5ca2/standings,/organizer/2,Standard,204,/tournament/60576220998e18174a7f5ca2/player/procionekiller03
2078,,2021-03-21,/tournament/6049059ff82ed20e68b94a13/standings,/organizer/3,Standard,68,/tournament/6049059ff82ed20e68b94a13/player/marcocifuentes
2085,,2021-03-21,/tournament/603c98514cbac746e57fb535/standings,/organizer/4,Standard,304,/tournament/603c98514cbac746e57fb535/player/liamkidd
2091,,2021-03-20,/tournament/gg3/standings,/organizer/19,Standard,149,/tournament/gg3/player/trickyws
2111,,2021-03-17,/tournament/chill-23/standings,/organizer/13,Standard,152,/tournament/chill-23/player/boo69x
2116,,2021-03-16,/tournament/604ffe659fa61678029a7a95/standings,/organizer/6,Standard,72,/tournament/604ffe659fa61678029a7a95/player/vicgar08
2121,,2021-03-15,/tournament/604e9a839fa61678029a761b/standings,/organizer/2,Standard,138,/tournament/604e9a839fa61678029a761b/player/mesiia
2125,,2021-03-14,/tournament/60464cb678bab44bc84b51c7/standings,/organizer/3,Standard,64,/tournament/60464cb678bab44bc84b51c7/player/eddiefrb
2126,,2021-03-14,/tournament/6048392878bab44bc84b58d6/standings,/organizer/39,Standard,66,/tournament/6048392878bab44bc84b58d6/player/anti
2130,,2021-03-14,/tournament/60499ea5f82ed20e68b9508b/standings,/organizer/70,Standard,76,/tournament/60499ea5f82ed20e68b9508b/player/junejunejune45
2132,,2021-03-13,/tournament/6047f8a878bab44bc84b57e5/standings,/organizer/87,Standard,113,/tournament/6047f8a878bab44bc84b57e5/player/kashmann27
2139,,2021-03-13,/tournament/60412c3ad159610b3b236b32/standings,/organizer/83,Standard,73,/tournament/60412c3ad159610b3b236b32/player/syu
2141,,2021-03-12,/tournament/604a9471d9271352f0b72d09/standings,/organizer/2,Standard,118,/tournament/604a9471d9271352f0b72d09/player/masterlebui
2156,,2021-03-10,/tournament/chill-22/standings,/organizer/13,Standard,320,/tournament/chill-22/player/yarifu93
2159,,2021-03-09,/tournament/6045362778bab44bc84b4f01/standings,/organizer/6,Standard,66,/tournament/6045362778bab44bc84b4f01/player/tbrophy4
2165,,2021-03-08,/tournament/6044f5c3c278f522dc38b8e6/standings,/organizer/2,Standard,117,/tournament/6044f5c3c278f522dc38b8e6/player/symphogear119
2170,,2021-03-07,/tournament/603d403f4cbac746e57fb69c/standings,/organizer/3,Standard,67,/tournament/603d403f4cbac746e57fb69c/player/tyranitarcool
2182,,2021-03-06,/tournament/60425bc5d159610b3b236f3a/standings,/organizer/40,Standard,69,/tournament/60425bc5d159610b3b236f3a/player/mawssa2000
2189,,2021-03-06,/tournament/5ff243684a35987a4d79eee8/standings,/organizer/29,Standard,144,/tournament/5ff243684a35987a4d79eee8/player/dalsegno
2191,,2021-03-06,/tournament/6037c9c718aa7e5c9125b09b/standings,/organizer/55,Standard,110,/tournament/6037c9c718aa7e5c9125b09b/player/karuta
2193,,2021-03-05,/tournament/60413326d159610b3b236b46/standings,/organizer/2,Standard,129,/tournament/60413326d159610b3b236b46/player/matxix9019
2198,,2021-03-05,/tournament/603c7a174cbac746e57fb529/standings,/organizer/70,Standard,80,/tournament/603c7a174cbac746e57fb529/player/dequim
2205,,2021-03-03,/tournament/chill-21/standings,/organizer/13,Standard,240,/tournament/chill-21/player/hbjtrevo
2214,,2021-03-01,/tournament/603b0d8d18aa7e5c9125c03f/standings,/organizer/2,Standard,125,/tournament/603b0d8d18aa7e5c9125c03f/player/alexwilsontx
2228,,2021-02-28,/tournament/60323a8218aa7e5c9125a109/standings,/organizer/4,Standard,97,/tournament/60323a8218aa7e5c9125a109/player/eddiefrb
2239,,2021-02-27,/tournament/los-weekly-21/standings,/organizer/1,Standard,350,/tournament/los-weekly-21/player/orangemaniac
2240,,2021-02-27,/tournament/5ffe8a9347dfb35986eb5042/standings,/organizer/5,Standard,92,/tournament/5ffe8a9347dfb35986eb5042/player/mayamatu
2241,,2021-02-26,/tournament/6037f36c18aa7e5c9125b160/standings,/organizer/2,Standard,95,/tournament/6037f36c18aa7e5c9125b160/player/royalcheez
2244,,2021-02-26,/tournament/6011e7e41bfd8c64700a8234/standings,/organizer/65,Standard,143,/tournament/6011e7e41bfd8c64700a8234/player/webalz
2259,,2021-02-22,/tournament/6032e3ed18aa7e5c9125a584/standings,/organizer/2,Standard,147,/tournament/6032e3ed18aa7e5c9125a584/player/76ers
2269,,2021-02-21,/tournament/60301acd18aa7e5c9125994c/standings,/organizer/4,Standard,104,/tournament/60301acd18aa7e5c9125994c/player/liamkidd
2278,,2021-02-20,/tournament/5fda4db90e0c300fa3176334/standings,/organizer/19,Standard,112,/tournament/5fda4db90e0c300fa3176334/player/gam3ralo
2280,,2021-02-20,/tournament/60214b575dee5a0b00610c23/standings,/organizer/55,Standard,77,/tournament/60214b575dee5a0b00610c23/player/yuya
2282,,2021-02-19,/tournament/602de76618aa7e5c91259277/standings,/organizer/2,Standard,100,/tournament/602de76618aa7e5c91259277/player/fabrizioinsi10
2284,,2021-02-19,/tournament/los-weekly-20/standings,/organizer/1,Standard,236,/tournament/los-weekly-20/player/hiropkmn
2292,,2021-02-17,/tournament/chill-lcq/standings,/organizer/13,Standard,132,/tournament/chill-lcq/player/vartancaftel
2303,,2021-02-15,/tournament/60296b6c18aa7e5c91258532/standings,/organizer/2,Standard,128,/tournament/60296b6c18aa7e5c91258532/player/memaanhc
2322,,2021-02-12,/tournament/6024c1405dee5a0b00611965/standings,/organizer/2,Standard,115,/tournament/6024c1405dee5a0b00611965/player/ultrasonicgreen
2328,,2021-02-11,/tournament/600f3b7e8b909f6d0ea57623/standings,/organizer/43,Standard,75,/tournament/600f3b7e8b909f6d0ea57623/player/goopygoop123
2334,,2021-02-10,/tournament/chill-20/standings,/organizer/13,Standard,227,/tournament/chill-20/player/angel22aranibar
2342,,2021-02-08,/tournament/60202eea5dee5a0b006108d1/standings,/organizer/2,Standard,135,/tournament/60202eea5dee5a0b006108d1/player/symphogear119
2353,,2021-02-07,/tournament/600b128827cff2563bd5f458/standings,/organizer/4,Standard,122,/tournament/600b128827cff2563bd5f458/player/tbrophy4
2366,,2021-02-05,/tournament/601b68ab1bfd8c64700aa7ff/standings,/organizer/2,Standard,115,/tournament/601b68ab1bfd8c64700aa7ff/player/globaltrainer71
2370,,2021-02-05,/tournament/6004ce91c989ba53744a32d8/standings,/organizer/55,Standard,72,/tournament/6004ce91c989ba53744a32d8/player/tofukamikaze
2380,,2021-02-03,/tournament/chill-19/standings,/organizer/13,Standard,152,/tournament/chill-19/player/fermeta
2384,,2021-02-02,/tournament/600f5d0d8b909f6d0ea57707/standings,/organizer/6,Standard,82,/tournament/600f5d0d8b909f6d0ea57707/player/tbrophy4
2390,,2021-02-01,/tournament/6016f8541bfd8c64700a9769/standings,/organizer/2,Standard,124,/tournament/6016f8541bfd8c64700a9769/player/dangerousrogue
2394,,2021-02-01,/tournament/601636a71bfd8c64700a954a/standings,/organizer/25,Standard,65,/tournament/601636a71bfd8c64700a954a/player/marcocifuentes
2395,,2021-01-31,/tournament/5ffc73f747dfb35986eb4738/standings,/organizer/40,Standard,175,/tournament/5ffc73f747dfb35986eb4738/player/blakem
2406,,2021-01-30,/tournament/los-major-1-by-potown-store/standings,/organizer/1,Standard,490,/tournament/los-major-1-by-potown-store/player/edwynt1999
2408,,2021-01-29,/tournament/60130ef61bfd8c64700a86b6/standings,/organizer/2,Standard,109,/tournament/60130ef61bfd8c64700a86b6/player/vitorlugon
2420,,2021-01-27,/tournament/chill-18/standings,/organizer/13,Standard,196,/tournament/chill-18/player/michelebabin
2427,,2021-01-25,/tournament/600e824427cff2563bd6092a/standings,/organizer/32,Standard,99,/tournament/600e824427cff2563bd6092a/player/amediocredingo
2430,,2021-01-24,/tournament/5ffdffab47dfb35986eb4db8/standings,/organizer/3,Standard,88,/tournament/5ffdffab47dfb35986eb4db8/player/globaltrainer71
2436,,2021-01-24,/tournament/600ab5f327cff2563bd5f12c/standings,/organizer/4,Standard,137,/tournament/600ab5f327cff2563bd5f12c/player/keropon
2440,,2021-01-23,/tournament/5ffe194a47dfb35986eb4e08/standings,/organizer/40,Standard,87,/tournament/5ffe194a47dfb35986eb4e08/player/capahab
2444,,2021-01-23,/tournament/5fda4ed60e0c300fa3176336/standings,/organizer/19,Standard,225,/tournament/5fda4ed60e0c300fa3176336/player/darkraiian
2448,,2021-01-22,/tournament/6009af7227cff2563bd5ec20/standings,/organizer/2,Standard,162,/tournament/6009af7227cff2563bd5ec20/player/gabrielsmarttcg
2450,,2021-01-22,/tournament/los-weekly-17/standings,/organizer/1,Standard,313,/tournament/los-weekly-17/player/shamlock
2455,,2021-01-21,/tournament/6004d6d9c989ba53744a3341/standings,/organizer/54,Standard,121,/tournament/6004d6d9c989ba53744a3341/player/fepasqua
2458,,2021-01-21,/tournament/5fed4ddf2bcc8c609c5d2952/standings,/organizer/25,Standard,74,/tournament/5fed4ddf2bcc8c609c5d2952/player/felipecuillo
2460,,2021-01-20,/tournament/chill-17/standings,/organizer/13,Standard,222,/tournament/chill-17/player/joshuasutherland21
2462,,2021-01-20,/tournament/600870b2c989ba53744a3ed8/standings,/organizer/32,Standard,72,/tournament/600870b2c989ba53744a3ed8/player/nallerton
2464,,2021-01-19,/tournament/6004a385c989ba53744a31e8/standings,/organizer/6,Standard,95,/tournament/6004a385c989ba53744a31e8/player/bendover1357
2465,,2021-01-19,/tournament/5ff71f5e4a35987a4d7a0327/standings,/organizer/46,Standard,70,/tournament/5ff71f5e4a35987a4d7a0327/player/memaanhc
2466,,2021-01-18,/tournament/60048affc989ba53744a313e/standings,/organizer/2,Standard,194,/tournament/60048affc989ba53744a313e/player/rybin35
2473,,2021-01-17,/tournament/5ffd282647dfb35986eb4b8a/standings,/organizer/39,Standard,89,/tournament/5ffd282647dfb35986eb4b8a/player/76ers
2476,,2021-01-17,/tournament/5ffb369c47dfb35986eb41e9/standings,/organizer/4,Standard,156,/tournament/5ffb369c47dfb35986eb41e9/player/symphogear119
2484,,2021-01-16,/tournament/los-weekly-16/standings,/organizer/1,Standard,390,/tournament/los-weekly-16/player/magnechu
2486,,2021-01-15,/tournament/5fffa3c8c989ba53744a18c6/standings,/organizer/2,Standard,184,/tournament/5fffa3c8c989ba53744a18c6/player/gamassa
2492,,2021-01-14,/tournament/5ffc4bb347dfb35986eb46a2/standings,/organizer/28,Standard,122,/tournament/5ffc4bb347dfb35986eb46a2/player/jonah2705
2496,,2021-01-14,/tournament/5fed4dd42bcc8c609c5d2951/standings,/organizer/25,Standard,74,/tournament/5fed4dd42bcc8c609c5d2951/player/mrsqueezle
2497,,2021-01-13,/tournament/chill-16/standings,/organizer/13,Standard,203,/tournament/chill-16/player/yosefi
2499,,2021-01-13,/tournament/5ffbf93c47dfb35986eb4656/standings,/organizer/31,Standard,65,/tournament/5ffbf93c47dfb35986eb4656/player/shapkin
2500,,2021-01-12,/tournament/5ff884ca47dfb35986eb2ed6/standings,/organizer/6,Standard,130,/tournament/5ff884ca47dfb35986eb2ed6/player/novacaine
2501,,2021-01-12,/tournament/5ff636d94a35987a4d79fd96/standings,/organizer/46,Standard,89,/tournament/5ff636d94a35987a4d79fd96/player/shapkin
2502,,2021-01-11,/tournament/5ffb64c147dfb35986eb43fd/standings,/organizer/2,Standard,194,/tournament/5ffb64c147dfb35986eb43fd/player/edwynt1999
2507,,2021-01-10,/tournament/5ff369444a35987a4d79f223/standings,/organizer/3,Standard,76,/tournament/5ff369444a35987a4d79f223/player/bemol
2512,,2021-01-10,/tournament/5ff0fc574a35987a4d79e6ad/standings,/organizer/20,Standard,84,/tournament/5ff0fc574a35987a4d79e6ad/player/bigcole
2514,,2021-01-10,/tournament/5ff49c844a35987a4d79f70d/standings,/organizer/4,Standard,140,/tournament/5ff49c844a35987a4d79f70d/player/stefanodusi
2518,,2021-01-09,/tournament/5ff2f7c54a35987a4d79f106/standings,/organizer/24,Standard,101,/tournament/5ff2f7c54a35987a4d79f106/player/memaanhc
2523,,2021-01-09,/tournament/gg-free/standings,/organizer/19,Standard,311,/tournament/gg-free/player/tbrophy4
2524,,2021-01-08,/tournament/5ff5afd64a35987a4d79fa76/standings,/organizer/2,Standard,184,/tournament/5ff5afd64a35987a4d79fa76/player/vina
2530,,2021-01-07,/tournament/5ff4143a4a35987a4d79f60d/standings,/organizer/28,Standard,81,/tournament/5ff4143a4a35987a4d79f60d/player/warexpert
2533,,2021-01-06,/tournament/chill-15/standings,/organizer/13,Standard,342,/tournament/chill-15/player/sininchi18
2538,,2021-01-05,/tournament/5fefa3297c69910aee5d3f62/standings,/organizer/6,Standard,77,/tournament/5fefa3297c69910aee5d3f62/player/pokenate
2540,,2021-01-04,/tournament/5ff105f44a35987a4d79e70c/standings,/organizer/2,Standard,197,/tournament/5ff105f44a35987a4d79e70c/player/magnechu
2543,,2021-01-03,/tournament/5fe96fd32bcc8c609c5d199d/standings,/organizer/3,Standard,104,/tournament/5fe96fd32bcc8c609c5d199d/player/hbjtrevo
2548,,2021-01-03,/tournament/5fee08797c69910aee5d3a0c/standings,/organizer/4,Standard,144,/tournament/5fee08797c69910aee5d3a0c/player/tbrophy4
2549,,2021-01-03,/tournament/5fed48a12bcc8c609c5d2919/standings,/organizer/25,Standard,79,/tournament/5fed48a12bcc8c609c5d2919/player/jeppy
2551,,2021-01-02,/tournament/5fea63b92bcc8c609c5d1b47/standings,/organizer/24,Standard,98,/tournament/5fea63b92bcc8c609c5d1b47/player/dannyhouse
2559,,2021-01-01,/tournament/5fc0018b2a5c7f163def4202/standings,/organizer/12,Standard,65,/tournament/5fc0018b2a5c7f163def4202/player/trade
2560,,2021-01-01,/tournament/5fec87f62bcc8c609c5d2398/standings,/organizer/25,Standard,79,/tournament/5fec87f62bcc8c609c5d2398/player/mewpip
2561,,2020-12-31,/tournament/5fcc7244bdec90338520b339/standings,/organizer/6,Standard,102,/tournament/5fcc7244bdec90338520b339/player/adamdabitch
2565,,2020-12-30,/tournament/chill-14/standings,/organizer/13,Standard,258,/tournament/chill-14/player/brunoarruda
2566,,2020-12-30,/tournament/5fe7c4ef2bcc8c609c5d1265/standings,/organizer/31,Standard,85,/tournament/5fe7c4ef2bcc8c609c5d1265/player/matxix9019
2567,,2020-12-29,/tournament/5fded610729a4d0926f6062f/standings,/organizer/21,Standard,107,/tournament/5fded610729a4d0926f6062f/player/jakegearhart
2569,,2020-12-29,/tournament/5fd58e380d8a65462b65e7a9/standings,/organizer/32,Standard,98,/tournament/5fd58e380d8a65462b65e7a9/player/jonah2705
2571,,2020-12-28,/tournament/5fe8c57a2bcc8c609c5d168c/standings,/organizer/2,Standard,250,/tournament/5fe8c57a2bcc8c609c5d168c/player/memaanhc
2572,,2020-12-27,/tournament/5fe0d880729a4d0926f60d45/standings,/organizer/3,Standard,85,/tournament/5fe0d880729a4d0926f60d45/player/victor91dv
2576,,2020-12-27,/tournament/5fe7385c2bcc8c609c5d0da0/standings,/organizer/4,Standard,135,/tournament/5fe7385c2bcc8c609c5d0da0/player/holimax
2578,,2020-12-26,/tournament/5fe277892bcc8c609c5cfe2c/standings,/organizer/24,Standard,80,/tournament/5fe277892bcc8c609c5cfe2c/player/badxapple
2581,,2020-12-26,/tournament/ggtoor-2/standings,/organizer/19,Standard,265,/tournament/ggtoor-2/player/legendaray
2582,,2020-12-26,/tournament/5fcda0cfbdec90338520b85c/standings,/organizer/25,Standard,84,/tournament/5fcda0cfbdec90338520b85c/player/felipecuillo
2583,,2020-12-25,/tournament/5fd7bf5b0d8a65462b65ef68/standings,/organizer/6,Standard,97,/tournament/5fd7bf5b0d8a65462b65ef68/player/pokenate
2584,,2020-12-25,/tournament/los-weekly-13/standings,/organizer/1,Standard,214,/tournament/los-weekly-13/player/creepurple
2585,,2020-12-24,/tournament/5fe41eb32bcc8c609c5d057e/standings,/organizer/6,Standard,73,/tournament/5fe41eb32bcc8c609c5d057e/player/manokrebs
2587,,2020-12-23,/tournament/chill-series-13/standings,/organizer/13,Standard,220,/tournament/chill-series-13/player/carif7
2588,,2020-12-23,/tournament/5fde1cb3729a4d0926f600aa/standings,/organizer/31,Standard,67,/tournament/5fde1cb3729a4d0926f600aa/player/arneboy11
2589,,2020-12-22,/tournament/5fde0fc7729a4d0926f6001f/standings,/organizer/6,Standard,157,/tournament/5fde0fc7729a4d0926f6001f/player/angel22aranibar
2591,,2020-12-21,/tournament/5fde4aa0729a4d0926f603bc/standings,/organizer/2,Standard,209,/tournament/5fde4aa0729a4d0926f603bc/player/kashmann27
2592,,2020-12-21,/tournament/5fdd49b9c2ec3c4552e2dc75/standings,/organizer/36,Standard,109,/tournament/5fdd49b9c2ec3c4552e2dc75/player/smith6nl
2593,,2020-12-21,/tournament/5fcda0afbdec90338520b85a/standings,/organizer/25,Standard,92,/tournament/5fcda0afbdec90338520b85a/player/jeppy
2594,,2020-12-20,/tournament/5fd78c8e0d8a65462b65ef29/standings,/organizer/3,Standard,111,/tournament/5fd78c8e0d8a65462b65ef29/player/goomy35
2598,,2020-12-20,/tournament/5fd715aa0d8a65462b65ee75/standings,/organizer/4,Standard,157,/tournament/5fd715aa0d8a65462b65ee75/player/vicgar08
2600,,2020-12-19,/tournament/5fd69ffb0d8a65462b65ece5/standings,/organizer/24,Standard,102,/tournament/5fd69ffb0d8a65462b65ece5/player/thericardotoddy
2605,,2020-12-19,/tournament/5fce800fbdec90338520b946/standings,/organizer/29,Standard,101,/tournament/5fce800fbdec90338520b946/player/nallerton
2606,,2020-12-18,/tournament/5fd910610e0c300fa3175f97/standings,/organizer/2,Standard,161,/tournament/5fd910610e0c300fa3175f97/player/vitorlugon
2609,,2020-12-18,/tournament/los-weekly-12/standings,/organizer/1,Standard,250,/tournament/los-weekly-12/player/azulgg
2610,,2020-12-17,/tournament/5fd6c3f20d8a65462b65ee0f/standings,/organizer/28,Standard,80,/tournament/5fd6c3f20d8a65462b65ee0f/player/gratum
2612,,2020-12-16,/tournament/chill-series-12/standings,/organizer/13,Standard,185,/tournament/chill-series-12/player/ssebango2
2616,,2020-12-15,/tournament/5fd0488dbdec90338520beb7/standings,/organizer/6,Standard,113,/tournament/5fd0488dbdec90338520beb7/player/sebastianfurney
2618,,2020-12-15,/tournament/5fcda09cbdec90338520b859/standings,/organizer/25,Standard,75,/tournament/5fcda09cbdec90338520b859/player/memaanhc
2619,,2020-12-14,/tournament/5fd699f90d8a65462b65ec98/standings,/organizer/2,Standard,169,/tournament/5fd699f90d8a65462b65ec98/player/daxptcg
2622,,2020-12-13,/tournament/5fc7ed0abdec90338520a557/standings,/organizer/3,Standard,88,/tournament/5fc7ed0abdec90338520a557/player/memaanhc
2625,,2020-12-13,/tournament/5fc57740715f2c39fe4b3b52/standings,/organizer/19,Standard,196,/tournament/5fc57740715f2c39fe4b3b52/player/moehawk
2628,,2020-12-12,/tournament/5fcd63d3bdec90338520b75b/standings,/organizer/24,Standard,70,/tournament/5fcd63d3bdec90338520b75b/player/drdyx
2631,,2020-12-12,/tournament/5facd1cfa234a47f87b6b53b/standings,/organizer/2,Standard,103,/tournament/5facd1cfa234a47f87b6b53b/player/kkrueger91
2633,,2020-12-12,/tournament/5fcda082bdec90338520b857/standings,/organizer/25,Standard,67,/tournament/5fcda082bdec90338520b857/player/warexpert
2634,,2020-12-11,/tournament/5fd2713a0d8a65462b65db2f/standings,/organizer/2,Standard,139,/tournament/5fd2713a0d8a65462b65db2f/player/pieface172
2638,,2020-12-10,/tournament/5fcaa21abdec90338520ac70/standings,/organizer/21,Standard,89,/tournament/5fcaa21abdec90338520ac70/player/jonah2705
2640,,2020-12-09,/tournament/5fc81ecdbdec90338520a5c9/standings,/organizer/13,Standard,169,/tournament/5fc81ecdbdec90338520a5c9/player/caquim
2643,,2020-12-08,/tournament/5fcab8a1bdec90338520acbc/standings,/organizer/6,Standard,105,/tournament/5fcab8a1bdec90338520acbc/player/aeroamdn
2645,,2020-12-07,/tournament/5fcd22cbbdec90338520b675/standings,/organizer/2,Standard,175,/tournament/5fcd22cbbdec90338520b675/player/thecrusader4
2647,,2020-12-06,/tournament/5fc548e5956b361a69b661df/standings,/organizer/3,Standard,88,/tournament/5fc548e5956b361a69b661df/player/keegurz
2650,,2020-12-06,/tournament/5fc67c44715f2c39fe4b3df7/standings,/organizer/4,Standard,158,/tournament/5fc67c44715f2c39fe4b3df7/player/97kirby
2653,,2020-12-05,/tournament/5fb9b071eab0937ce267e517/standings,/organizer/20,Standard,64,/tournament/5fb9b071eab0937ce267e517/player/sininchi18
2657,,2020-12-04,/tournament/5facc7dca234a47f87b6b537/standings,/organizer/2,Standard,192,/tournament/5facc7dca234a47f87b6b537/player/formula1man
2661,,2020-12-03,/tournament/5fc1248dea744a5d3d6bae4a/standings,/organizer/24,Standard,86,/tournament/5fc1248dea744a5d3d6bae4a/player/teledeth
2663,,2020-12-02,/tournament/5fc410eb956b361a69b66033/standings,/organizer/21,Standard,94,/tournament/5fc410eb956b361a69b66033/player/theguywith2hats
2665,,2020-12-02,/tournament/5fc6588d715f2c39fe4b3dc1/standings,/organizer/25,Standard,106,/tournament/5fc6588d715f2c39fe4b3dc1/player/vitorlugon
2667,,2020-12-01,/tournament/5fc2e7d4956b361a69b65c19/standings,/organizer/6,Standard,80,/tournament/5fc2e7d4956b361a69b65c19/player/vitorlugon
2668,,2020-11-30,/tournament/5fc3dc95956b361a69b65f3a/standings,/organizer/2,Standard,177,/tournament/5fc3dc95956b361a69b65f3a/player/vitorlugon
2669,,2020-11-29,/tournament/5fbbe6a823292249892fc910/standings,/organizer/3,Standard,76,/tournament/5fbbe6a823292249892fc910/player/igortotozistico
2673,,2020-11-29,/tournament/5fbcdcac23292249892fcc4f/standings,/organizer/4,Standard,130,/tournament/5fbcdcac23292249892fcc4f/player/holimax
2676,,2020-11-28,/tournament/5fab6da4a234a47f87b6b2fa/standings,/organizer/19,Standard,383,/tournament/5fab6da4a234a47f87b6b2fa/player/magnechu
2678,,2020-11-27,/tournament/5fbedaf42a5c7f163def4021/standings,/organizer/2,Standard,143,/tournament/5fbedaf42a5c7f163def4021/player/masterlebui
2679,,2020-11-27,/tournament/5fb52588eab0937ce267d9ea/standings,/organizer/1,Standard,277,/tournament/5fb52588eab0937ce267d9ea/player/sininchi18
2680,,2020-11-26,/tournament/5fbeae032a5c7f163def3f7c/standings,/organizer/6,Standard,88,/tournament/5fbeae032a5c7f163def3f7c/player/eddiefrb
2682,,2020-11-25,/tournament/5fbdf2e62a5c7f163def3e6e/standings,/organizer/21,Standard,73,/tournament/5fbdf2e62a5c7f163def3e6e/player/gabrielsmarttcg
2684,,2020-11-24,/tournament/5fac43daa234a47f87b6b34f/standings,/organizer/6,Standard,113,/tournament/5fac43daa234a47f87b6b34f/player/pokehawkeye
2685,,2020-11-23,/tournament/5fba9feaeab0937ce267e863/standings,/organizer/2,Standard,175,/tournament/5fba9feaeab0937ce267e863/player/lm
2686,,2020-11-22,/tournament/5fb2dc5aeab0937ce267d4d1/standings,/organizer/3,Standard,80,/tournament/5fb2dc5aeab0937ce267d4d1/player/nallerton
2688,,2020-11-22,/tournament/5fb40925eab0937ce267d771/standings,/organizer/4,Standard,173,/tournament/5fb40925eab0937ce267d771/player/s0lwyn
2692,,2020-11-20,/tournament/5fb5185deab0937ce267d9db/standings,/organizer/2,Standard,154,/tournament/5fb5185deab0937ce267d9db/player/fabrizioinsi10
2693,,2020-11-20,/tournament/5f9040d605152173136b1356/standings,/organizer/1,Standard,207,/tournament/5f9040d605152173136b1356/player/scottzard69
2695,,2020-11-18,/tournament/5f9e2b12ac276521a4e4d817/standings,/organizer/13,Standard,131,/tournament/5f9e2b12ac276521a4e4d817/player/birdboy2000
2696,,2020-11-17,/tournament/5f99ca0f189fd913d5bab120/standings,/organizer/14,Standard,88,/tournament/5f99ca0f189fd913d5bab120/player/plariers
2698,,2020-11-16,/tournament/5fb0d09880ca620bfab1c4ce/standings,/organizer/2,Standard,137,/tournament/5fb0d09880ca620bfab1c4ce/player/birdboyfinch
2702,,2020-11-15,/tournament/5faafb19a234a47f87b6b220/standings,/organizer/4,Standard,210,/tournament/5faafb19a234a47f87b6b220/player/jjtcg
2704,,2020-11-14,/tournament/5fabfe59a234a47f87b6b320/standings,/organizer/7,Standard,81,/tournament/5fabfe59a234a47f87b6b320/player/kashmann27
2707,,2020-11-13,/tournament/5fac9fdda234a47f87b6b518/standings,/organizer/2,Standard,117,/tournament/5fac9fdda234a47f87b6b518/player/regannator
2710,,2020-11-11,/tournament/5f9dc219ac276521a4e4d718/standings,/organizer/13,Standard,121,/tournament/5f9dc219ac276521a4e4d718/player/azulgg
2712,,2020-11-09,/tournament/5fa82b300da90b181f88d329/standings,/organizer/2,Standard,104,/tournament/5fa82b300da90b181f88d329/player/manupango
2715,,2020-11-08,/tournament/5f9ee390ac276521a4e4d91f/standings,/organizer/4,Standard,65,/tournament/5f9ee390ac276521a4e4d91f/player/xkandayuu
2717,,2020-11-06,/tournament/5fa2ddef0da90b181f88ca4d/standings,/organizer/2,Standard,123,/tournament/5fa2ddef0da90b181f88ca4d/player/phoenix
2719,,2020-11-05,/tournament/5fa17a00ac276521a4e4dce4/standings,/organizer/6,Standard,66,/tournament/5fa17a00ac276521a4e4dce4/player/joshuasutherland21
2720,,2020-11-04,/tournament/5f9b25ce189fd913d5bab308/standings,/organizer/13,Standard,122,/tournament/5f9b25ce189fd913d5bab308/player/fermeta
2721,,2020-11-03,/tournament/5f9b75bc189fd913d5bab406/standings,/organizer/6,Standard,73,/tournament/5f9b75bc189fd913d5bab406/player/luhbra
2722,,2020-11-02,/tournament/5f9ecf15ac276521a4e4d8a5/standings,/organizer/2,Standard,118,/tournament/5f9ecf15ac276521a4e4d8a5/player/augustoberinguer
2723,,2020-11-01,/tournament/5f924d0a05152173136b1445/standings,/organizer/3,Standard,67,/tournament/5f924d0a05152173136b1445/player/anti
2725,,2020-11-01,/tournament/5f9d3184ac276521a4e4d674/standings,/organizer/4,Standard,73,/tournament/5f9d3184ac276521a4e4d674/player/turemaru
2727,,2020-10-31,/tournament/5f8dd42a05152173136b12f4/standings,/organizer/7,Standard,65,/tournament/5f8dd42a05152173136b12f4/player/anti
2728,,2020-10-30,/tournament/5f96180905152173136b1b20/standings,/organizer/2,Standard,117,/tournament/5f96180905152173136b1b20/player/mqtpokemon06
2729,,2020-10-30,/tournament/5f903f7b05152173136b1353/standings,/organizer/1,Standard,136,/tournament/5f903f7b05152173136b1353/player/carlocontiex
2730,,2020-10-29,/tournament/5f97409e189fd913d5baaeb1/standings,/organizer/6,Standard,68,/tournament/5f97409e189fd913d5baaeb1/player/hbjtrevo
2731,,2020-10-28,/tournament/5f94809c05152173136b18bb/standings,/organizer/13,Standard,97,/tournament/5f94809c05152173136b18bb/player/angel22aranibar
2733,,2020-10-26,/tournament/5f9473a805152173136b188b/standings,/organizer/2,Standard,112,/tournament/5f9473a805152173136b188b/player/mashbrettato
2735,,2020-10-25,/tournament/5f93506005152173136b1693/standings,/organizer/4,Standard,73,/tournament/5f93506005152173136b1693/player/edgevnv
2736,,2020-10-24,/tournament/5f8dc24805152173136b12ec/standings,/organizer/7,Standard,137,/tournament/5f8dc24805152173136b12ec/player/haruto0921
2738,,2020-10-23,/tournament/5f903e5605152173136b1352/standings,/organizer/1,Standard,143,/tournament/5f903e5605152173136b1352/player/marck261
2742,,2020-10-18,/tournament/5f85b5648c4e790af9f3f5b6/standings,/organizer/4,Standard,80,/tournament/5f85b5648c4e790af9f3f5b6/player/liamkidd
2743,,2020-10-17,/tournament/5f85d3958c4e790af9f3f5c0/standings,/organizer/7,Standard,73,/tournament/5f85d3958c4e790af9f3f5c0/player/augustoberinguer
2744,,2020-10-17,/tournament/5f8252298c4e790af9f3f599/standings,/organizer/1,Standard,178,/tournament/5f8252298c4e790af9f3f599/player/pong903
2745,,2020-10-09,/tournament/5f7de5172af4e50be578cbec/standings,/organizer/1,Standard,141,/tournament/5f7de5172af4e50be578cbec/player/sininchi18
2746,,2020-10-03,/tournament/5f7139c1a2a32106f393472e/standings,/organizer/1,Standard,160,/tournament/5f7139c1a2a32106f393472e/player/edgevnv
